{
  "train_loss": [
    0.36665136146545413,
    0.12448547243699432,
    0.10334702204540372,
    0.09124171385914087,
    0.08124224443361164,
    0.0735759434401989,
    0.06637885204702616,
    0.0647278092764318,
    0.05802830992033705,
    0.05943514197785407,
    0.0525469987206161,
    0.04991090028826147,
    0.051947931770700964
  ],
  "train_acc": [
    84.525,
    96.0,
    96.7,
    97.25,
    97.3625,
    97.6875,
    97.975,
    98.1125,
    98.2375,
    98.1625,
    98.4125,
    98.525,
    98.575
  ],
  "val_loss": [
    0.1393988866595522,
    0.10421598925890904,
    0.10269472966828043,
    0.08542058861533565,
    0.07606694405336702,
    0.07949763062291794,
    0.06807298082414837,
    0.07070428679238945,
    0.08170082936680595,
    0.06228435602194319,
    0.06644124811097595,
    0.07197865892186879,
    0.06660930615838706
  ],
  "val_acc": [
    95.2,
    96.95,
    96.25,
    97.0,
    97.4,
    97.6,
    97.75,
    97.95,
    97.2,
    98.05,
    98.35,
    97.6,
    98.3
  ],
  "epoch_times": [
    1288.1379024982452,
    1272.1528437137604,
    1267.030844449997,
    1272.0637366771698,
    1272.676575422287,
    1267.4475960731506,
    1263.5483002662659,
    1256.1624839305878,
    1274.648241519928,
    1261.1597514152527,
    1262.0737297534943,
    1262.3467450141907,
    1276.9365396499634
  ]
}